<?xml version="1.0" encoding="utf-8" ?>
<dwsync>
<file name="class.phpmailer.php" server="www.vcaretrichology.com/vcarehealthnetwork.com/" local="129023336540000000" remote="129580936800000000" Dst="-1" />
<file name="class.pop3.php" server="www.vcaretrichology.com/vcarehealthnetwork.com/" local="129004607020000000" remote="129580936800000000" Dst="-1" />
<file name="class.smtp.php" server="www.vcaretrichology.com/vcarehealthnetwork.com/" local="129004607100000000" remote="129580936800000000" Dst="-1" />
<file name="class.phpmailer.php" server="www.vcaretrichology.com/vcaretrichology.com/" local="129580936800000000" remote="129580936800000000" Dst="-1" />
<file name="class.pop3.php" server="www.vcaretrichology.com/vcaretrichology.com/" local="129580936800000000" remote="129580936800000000" Dst="-1" />
<file name="class.smtp.php" server="www.vcaretrichology.com/vcaretrichology.com/" local="129580936800000000" remote="129580936800000000" Dst="-1" />
<file name="contents.html" server="www.vcaretrichology.com/vcaretrichology.com/" local="129580936800000000" remote="129580936800000000" Dst="-1" />
<file name="class.phpmailer.php" server="ftp.topoads.com" local="129580936800000000" remote="129670579800000000" Dst="-1" />
<file name="class.pop3.php" server="ftp.topoads.com" local="129580936800000000" remote="129670579800000000" Dst="-1" />
<file name="class.smtp.php" server="ftp.topoads.com" local="129580936800000000" remote="129670579800000000" Dst="-1" />
<file name="contents.html" server="ftp.topoads.com" local="129580936800000000" remote="129670580400000000" Dst="-1" />
<file name="class.phpmailer.php" server="mapsmachines.com/public_html/" local="129580936800000000" remote="129673634400000000" Dst="-1" />
<file name="class.pop3.php" server="mapsmachines.com/public_html/" local="129580936800000000" remote="129673634400000000" Dst="-1" />
<file name="class.smtp.php" server="mapsmachines.com/public_html/" local="129580936800000000" remote="129673635000000000" Dst="-1" />
<file name="contents.html" server="mapsmachines.com/public_html/" local="129580936800000000" remote="129673635000000000" Dst="-1" />
<file name="mail.php" server="vcarecloud.com" local="129700897305001599" remote="129700447200000000" Dst="-1" />
<file name="class.phpmailer.php" server="vcarecloud.com" local="129580936800000000" remote="129697003800000000" Dst="-1" />
<file name="class.pop3.php" server="vcarecloud.com" local="129580936800000000" remote="129697003800000000" Dst="-1" />
<file name="class.smtp.php" server="vcarecloud.com" local="129580936800000000" remote="129697003800000000" Dst="-1" />
<file name="contents.html" server="vcarecloud.com" local="129580936800000000" remote="129697003800000000" Dst="-1" />
<file name="class.phpmailer.php" server="C:/xampp/htdocs/da/" local="129580936800000000" remote="129580936800000000" Dst="0" />
<file name="class.pop3.php" server="C:/xampp/htdocs/da/" local="129580936800000000" remote="129580936800000000" Dst="0" />
<file name="class.smtp.php" server="C:/xampp/htdocs/da/" local="129580936800000000" remote="129580936800000000" Dst="0" />
<file name="contents.html" server="C:/xampp/htdocs/da/" local="129580936800000000" remote="129580936800000000" Dst="0" />
<file name="mail.php" server="C:/xampp/htdocs/da/" local="129726797532532820" remote="129726797530000000" Dst="0" />
<file name="class.pop3.php" server="74.208.64.61" local="129580936800000000" remote="129898384800000000" Dst="0" />
<file name="class.smtp.php" server="74.208.64.61" local="129580936800000000" remote="129898384800000000" Dst="0" />
<file name="class.phpmailer.php" server="74.208.64.61" local="129580936800000000" remote="129898384800000000" Dst="0" />
<file name="contents.html" server="74.208.64.61" local="129580936800000000" remote="129898384800000000" Dst="0" />
<file name="mail.php" server="74.208.64.61" local="129726797532532820" remote="129898385400000000" Dst="0" />
<file name="class.pop3.php" server="ftp.thiruma.net/da/" local="129580936800000000" remote="129898389600000000" Dst="0" />
<file name="class.smtp.php" server="ftp.thiruma.net/da/" local="129580936800000000" remote="129898389600000000" Dst="0" />
<file name="class.phpmailer.php" server="ftp.thiruma.net/da/" local="129580936800000000" remote="129898389600000000" Dst="0" />
<file name="contents.html" server="ftp.thiruma.net/da/" local="129580936800000000" remote="129898389600000000" Dst="0" />
<file name="mail.php" server="ftp.thiruma.net/da/" local="129726797532532820" remote="129898390200000000" Dst="0" />
</dwsync>